{"cameraMode":{"drawMode":0,"name":"Shaded","section":"Shading Mode"},"sceneLighting":true,"audioPlay":false,"sceneViewState":{"showFog":true,"showMaterialUpdate":false,"showSkybox":true,"showFlares":true,"showImageEffects":true,"showParticleSystems":true},"in2DMode":false,"pivot":{"x":498.4333190917969,"y":288.74591064453127,"z":0.0},"rotation":{"x":-0.07767481356859207,"y":-0.07917485386133194,"z":0.00618818961083889,"w":-0.9938107132911682},"size":936.209228515625,"orthographic":false}