{"cameraMode":{"drawMode":0,"name":"Shaded","section":"Shading Mode"},"sceneLighting":true,"audioPlay":false,"sceneViewState":{"showFog":true,"showMaterialUpdate":false,"showSkybox":true,"showFlares":true,"showImageEffects":true,"showParticleSystems":true},"in2DMode":false,"pivot":{"x":3.2951714992523195,"y":1.9056363105773926,"z":8.40645980834961},"rotation":{"x":-0.4031146168708801,"y":0.058138564229011539,"z":-0.02567155845463276,"w":-0.9129400253295898},"size":6.972655296325684,"orthographic":false}